time;KT2440;KT2440;KT2440;KT2440;KT2440;KT2440;KT2440;KT2440;KT2440;KT2440;KT2440;KT2440;KT2440;KT2440;KT2440;KT2440;KT2440;KT2440;KT2440;KT2440;KT2440;KT2440;KT2440;KT2440;KT2440;KT2440;KT2440;KT2440;KT2440;KT2440;KT2440;KT2440;KT2440
;1;1;1;1;1;1;1;1;1;1;1;2;2;2;2;2;2;2;2;2;2;2;3;3;3;3;3;3;3;3;3;3;3
;90;70;50;25;20;15;10;5;2;1;0;90;70;50;25;20;15;10;5;2;1;0;90;70;50;25;20;15;10;5;2;1;0
0.00;0.087116836;0.064009627;0.07171203;0.056307224;0.040319385;0.022399658;0.029348812;0.033200014;0.025497611;0.029348812;0.029348812;0.079414433;0.056307224;0.056307224;0.04860482;0.035839453;0.017919727;0.029348812;0.033200014;0.025497611;0.029348812;0.025497611;0.090968038;0.064009627;0.060158425;0.056307224;0.040319385;0.017919727;0.029348812;0.029348812;0.029348812;0.029348812;0.029348812
0.25;0.086718436;0.067462428;0.075164831;0.055908823;0.040319385;0.044799317;0.032801614;0.02509921;0.02509921;0.032801614;0.028950412;0.079016033;0.055908823;0.055908823;0.044355219;0.040319385;0.040319385;0.02509921;0.028950412;0.021248009;0.02509921;0.02509921;0.090569638;0.067462428;0.063611227;0.055908823;0.044799317;0.044799317;0.028950412;0.028950412;0.02509921;0.02509921;0.021248009
0.50;0.082867235;0.067462428;0.07131363;0.055908823;0.040319385;0.040319385;0.032801614;0.032801614;0.021248009;0.036652815;0.036652815;0.079016033;0.052057622;0.055908823;0.044355219;0.040319385;0.040319385;0.02509921;0.028950412;0.021248009;0.028950412;0.02509921;0.090569638;0.067462428;0.063611227;0.055908823;0.044799317;0.044799317;0.028950412;0.032801614;0.02509921;0.02509921;0.021248009
0.75;0.082734435;0.063478427;0.07118083;0.055776023;0.044799317;0.040319385;0.051924822;0.04807362;0.032668814;0.040371217;0.04807362;0.078883233;0.055776023;0.055776023;0.044222418;0.044799317;0.035839453;0.051924822;0.036520015;0.028817612;0.036520015;0.032668814;0.090436838;0.063478427;0.063478427;0.055776023;0.049279249;0.040319385;0.02496641;0.036520015;0.036520015;0.032668814;0.036520015
1.00;0.082867235;0.059760025;0.07131363;0.055908823;0.049279249;0.044799317;0.059760025;0.021248009;0.052057622;0.052057622;0.052057622;0.079016033;0.052057622;0.052057622;0.04820642;0.044799317;0.040319385;0.055908823;0.040504017;0.036652815;0.036652815;0.036652815;0.090569638;0.063611227;0.059760025;0.052057622;0.05375918;0.044799317;0.044355219;0.044355219;0.028950412;0.044355219;0.04820642
1.25;0.082734435;0.063478427;0.07118083;0.055776023;0.049279249;0.049279249;0.07118083;0.051924822;0.055776023;0.051924822;0.04807362;0.075032031;0.04807362;0.051924822;0.044222418;0.044799317;0.040319385;0.055776023;0.051924822;0.04807362;0.04807362;0.04807362;0.090436838;0.063478427;0.059627225;0.051924822;0.049279249;0.049279249;0.04807362;0.059627225;0.032668814;0.04807362;0.04807362
1.50;0.086585636;0.059627225;0.07118083;0.051924822;0.05375918;0.05375918;0.078883233;0.067329628;0.063478427;0.051924822;0.055776023;0.078883233;0.04807362;0.051924822;0.044222418;0.044799317;0.044799317;0.055776023;0.051924822;0.051924822;0.055776023;0.055776023;0.090436838;0.059627225;0.059627225;0.051924822;0.058239112;0.05375918;0.04807362;0.067329628;0.055776023;0.04807362;0.044222418
1.75;0.086851236;0.056041623;0.07144643;0.052190422;0.049279249;0.049279249;0.083000035;0.079148833;0.07144643;0.059892825;0.052190422;0.075297631;0.04833922;0.052190422;0.044488019;0.044799317;0.049279249;0.079148833;0.07144643;0.063744027;0.063744027;0.056041623;0.090702438;0.07144643;0.059892825;0.052190422;0.058239112;0.058239112;0.059892825;0.075297631;0.067595228;0.052190422;0.036785615
2.00;0.083000035;0.056041623;0.07144643;0.052190422;0.05375918;0.058239112;0.090702438;0.086851236;0.079148833;0.067595228;0.059892825;0.075297631;0.044488019;0.052190422;0.040636817;0.049279249;0.058239112;0.083000035;0.079148833;0.07144643;0.056041623;0.056041623;0.090702438;0.09455364;0.056041623;0.04833922;0.05375918;0.067198975;0.067595228;0.083000035;0.075297631;0.059892825;0.04833922
2.25;0.082867235;0.055908823;0.067462428;0.052057622;0.05375918;0.067198975;0.109825646;0.105974444;0.094420839;0.086718436;0.063611227;0.075164831;0.044355219;0.052057622;0.040504017;0.044799317;0.062719044;0.086718436;0.090569638;0.079016033;0.067462428;0.059760025;0.090569638;0.067462428;0.059760025;0.04820642;0.058239112;0.067198975;0.090569638;0.094420839;0.086718436;0.063611227;0.055908823
2.50;0.083265635;0.056307224;0.067860828;0.052456022;0.05375918;0.076158839;0.125628853;0.133331256;0.129480054;0.102521643;0.075563232;0.075563232;0.044753619;0.052456022;0.040902417;0.044799317;0.071678907;0.098670441;0.102521643;0.090968038;0.079414433;0.067860828;0.090968038;0.079414433;0.056307224;0.04860482;0.05375918;0.076158839;0.110224046;0.106372844;0.098670441;0.087116836;0.060158425
2.75;0.082734435;0.055776023;0.07118083;0.051924822;0.05375918;0.085118702;0.14435366;0.136651257;0.16746087;0.125097652;0.090436838;0.075032031;0.044222418;0.051924822;0.040371217;0.044799317;0.076158839;0.113544047;0.113544047;0.105841644;0.098139241;0.075032031;0.090436838;0.086585636;0.055776023;0.04807362;0.05375918;0.085118702;0.140502459;0.128948854;0.117395249;0.117395249;0.075032031
3.00;0.082867235;0.052057622;0.067462428;0.052057622;0.05375918;0.089598634;0.163742468;0.16759367;0.202254485;0.159891267;0.105974444;0.075164831;0.04820642;0.052057622;0.044355219;0.044799317;0.085118702;0.125230452;0.121379251;0.125230452;0.121379251;0.086718436;0.090569638;0.086718436;0.059760025;0.04820642;0.05375918;0.094078565;0.16759367;0.179147275;0.159891267;0.14448646;0.090569638
3.25;0.082734435;0.051924822;0.067329628;0.051924822;0.058239112;0.098558497;0.186716878;0.209824088;0.267592112;0.198270483;0.125097652;0.075032031;0.044222418;0.051924822;0.040371217;0.049279249;0.089598634;0.136651257;0.136651257;0.194419281;0.14435366;0.098139241;0.090436838;0.086585636;0.055776023;0.04807362;0.05375918;0.103038429;0.205972886;0.28684812;0.279145717;0.186716878;0.117395249
3.50;0.082734435;0.051924822;0.067329628;0.051924822;0.05375918;0.10751836;0.225228894;0.282996918;0.40623537;0.271443313;0.159758467;0.075032031;0.044222418;0.04807362;0.040371217;0.044799317;0.098558497;0.159758467;0.171312072;0.313806531;0.186716878;0.121246451;0.090436838;0.078883233;0.055776023;0.04807362;0.05375918;0.111998292;0.259889709;0.398532967;0.402384168;0.271443313;0.152056064
3.75;0.079148833;0.052190422;0.063744027;0.052190422;0.049279249;0.120958155;0.271708914;0.387244962;0.545144228;0.398798567;0.194684881;0.075297631;0.044488019;0.04833922;0.040636817;0.044799317;0.10751836;0.198536083;0.213940889;0.421905776;0.248601704;0.14461926;0.090702438;0.063744027;0.056041623;0.04833922;0.049279249;0.125438087;0.356435349;0.491227405;0.522037018;0.42960818;0.19083368
4.00;0.082867235;0.052057622;0.063611227;0.04820642;0.05375918;0.13439795;0.364004952;0.583523444;0.679803484;0.606630654;0.256171307;0.075164831;0.044355219;0.04820642;0.040504017;0.044799317;0.120958155;0.260022509;0.298534525;0.583523444;0.42947538;0.186849678;0.090569638;0.07131363;0.055908823;0.04820642;0.049279249;0.138877882;0.518053017;0.606630654;0.641291468;0.625886662;0.275427315
4.25;0.082867235;0.052057622;0.063611227;0.04820642;0.05375918;0.152317677;0.548862629;0.737571508;0.787637129;0.752976315;0.398665767;0.075164831;0.044355219;0.04820642;0.040504017;0.044799317;0.138877882;0.352451347;0.487243404;0.714464299;0.648993871;0.252320105;0.090569638;0.094420839;0.055908823;0.04820642;0.049279249;0.161277541;0.675952283;0.733720307;0.756827516;0.783785928;0.42947538
4.50;0.083000035;0.052190422;0.063744027;0.04833922;0.049279249;0.179197267;0.803174736;0.895603574;0.895603574;0.887901171;0.660680276;0.075297631;0.044488019;0.04833922;0.036785615;0.044799317;0.161277541;0.533590623;0.76466272;0.83783555;0.826281945;0.402649768;0.090702438;0.083000035;0.052190422;0.04833922;0.049279249;0.183677199;0.826281945;0.849389155;0.841686752;0.903305978;0.699192292
4.75;0.079016033;0.052057622;0.063611227;0.04820642;0.05375918;0.201596926;0.987899613;0.995602016;0.984048411;0.995602016;0.891619573;0.075164831;0.044355219;0.04820642;0.036652815;0.044799317;0.188157131;0.768381121;0.937833992;0.937833992;0.964792403;0.76452992;0.090569638;0.079016033;0.052057622;0.04820642;0.049279249;0.215036721;0.972494807;0.945536395;0.93398279;1.014858024;0.907024379
5.00;0.079148833;0.052190422;0.063744027;0.04833922;0.049279249;0.232956447;1.072758848;1.080461252;1.07661005;1.084312453;1.030395631;0.079148833;0.040636817;0.04833922;0.036785615;0.040319385;0.219516652;0.907157179;1.022693228;1.022693228;1.084312453;1.022693228;0.090702438;0.102256043;0.052190422;0.04833922;0.049279249;0.250876174;1.103568461;1.003437219;1.022693228;1.122824469;1.084312453
5.25;0.083000035;0.052190422;0.063744027;0.04833922;0.05375918;0.273275833;1.165187687;1.145931679;1.161336485;1.180592494;1.103568461;0.075297631;0.044488019;0.04833922;0.036785615;0.040319385;0.255356106;1.049651639;1.118973268;1.161336485;1.188294897;1.138229276;0.090702438;0.090702438;0.052190422;0.04833922;0.049279249;0.291195559;1.207550905;1.09971726;1.130526873;1.226806913;1.192146098
5.50;0.078883233;0.051924822;0.063478427;0.04807362;0.049279249;0.318075149;1.245797321;1.203434103;1.249648522;1.288160539;1.176475692;0.078883233;0.044222418;0.04807362;0.036520015;0.040319385;0.300155423;1.207285305;1.241946119;1.342077361;1.303565345;1.207285305;0.094288039;0.113544047;0.055776023;0.044222418;0.049279249;0.34495474;1.29201174;1.238094918;1.288160539;1.345928563;1.26890453
5.75;0.083000035;0.04833922;0.063744027;0.04833922;0.049279249;0.37183433;1.303830945;1.31538455;1.334640558;1.403962187;1.092014857;0.075297631;0.040636817;0.04833922;0.036785615;0.040319385;0.353914603;1.319235752;1.319235752;1.342342961;1.350045364;1.061205244;0.09455364;0.090702438;0.056041623;0.044488019;0.044799317;0.403193851;1.326938155;1.276872534;1.33849176;1.31538455;1.222955711
6.00;0.079016033;0.04820642;0.059760025;0.04820642;0.049279249;0.439033305;1.384573379;1.446192605;1.426936597;1.434639;1.245930121;0.075164831;0.040504017;0.04820642;0.036652815;0.040319385;0.416633646;1.373019774;1.38842458;1.426936597;1.38842458;1.215120508;0.094420839;0.086718436;0.063611227;0.044355219;0.044799317;0.474872758;1.403829387;1.38842458;1.473151016;1.396126984;1.141947677
6.25;0.079281633;0.04847202;0.060025625;0.044620819;0.049279249;0.515192143;1.438755801;1.596655067;1.573547858;1.561994253;1.546589447;0.075430432;0.044620819;0.04847202;0.036918415;0.031359522;0.492792485;1.404094987;1.41179739;1.515779834;1.450309406;1.307814947;0.09468644;0.098537641;0.056174423;0.044620819;0.044799317;0.555511529;1.469565414;1.481119019;1.581250261;1.515779834;1.180725294
6.50;0.079148833;0.04833922;0.059892825;0.044488019;0.044799317;0.609270709;1.480986219;1.658141493;1.619629477;1.646587888;1.638885485;0.079148833;0.040636817;0.044488019;0.036785615;0.040319385;0.577911187;1.423218195;1.50794463;1.584968663;1.565712655;1.276872534;0.09455364;0.113809648;0.063744027;0.044488019;0.044799317;0.654070026;1.561861453;1.623480679;1.577266259;1.669695098;1.419366993
6.75;0.083000035;0.04833922;0.059892825;0.044488019;0.044799317;0.716789069;1.661992695;1.816040759;1.76982634;1.777528743;1.688951106;0.079148833;0.040636817;0.044488019;0.036785615;0.035839453;0.680949616;1.477135018;1.658141493;1.712058316;1.727463122;1.569563856;0.09455364;0.09455364;0.056041623;0.044488019;0.040319385;0.766068318;1.6735463;1.750570332;1.727463122;1.873808783;1.631183082
7.00;0.079148833;0.04833922;0.059892825;0.044488019;0.044799317;0.833267293;1.819891961;1.931576807;1.885362388;1.96238642;1.850701574;0.075297631;0.040636817;0.044488019;0.036785615;0.040319385;0.797427839;1.581117461;1.816040759;1.816040759;1.893064791;1.715909517;0.09455364;0.09455364;0.059892825;0.044488019;0.044799317;0.895986336;1.789082348;1.835296767;1.916172001;2.039410453;1.846850372
7.25;0.075164831;0.04820642;0.059760025;0.044355219;0.044799317;0.967665243;1.923741604;1.969956024;2.073938467;2.139408894;2.077789669;0.075164831;0.040504017;0.044355219;0.036652815;0.040319385;0.922865927;1.74658633;2.004616838;2.004616838;2.00846804;1.896783193;0.094420839;0.094420839;0.059760025;0.044355219;0.040319385;1.034864219;1.896783193;1.877527185;2.070087265;2.131706491;2.054682459
7.50;0.075297631;0.04833922;0.059892825;0.044488019;0.044799317;1.111023057;2.162648904;2.143392896;2.270482549;2.41682821;2.235821735;0.079148833;0.040636817;0.044488019;0.036785615;0.035839453;1.06622374;1.916172001;2.116434485;2.22426813;2.178053711;2.089476074;0.098404841;0.09455364;0.07144643;0.044488019;0.040319385;1.196141759;2.185756114;2.158797702;2.22426813;2.362911388;2.216565727
7.75;0.075430432;0.04847202;0.060025625;0.044620819;0.044799317;1.267820666;2.282168954;2.255210543;2.409258607;2.478580236;2.382300196;0.075430432;0.040769617;0.044620819;0.036918415;0.040319385;1.223021349;2.066501664;2.32068097;2.34378818;2.366895389;2.208996123;0.09468644;0.079281633;0.060025625;0.044620819;0.040319385;1.361899231;2.228252132;2.32068097;2.46317543;2.586413881;2.347639381
8.00;0.075430432;0.04847202;0.060025625;0.044620819;0.044799317;1.433578138;2.332234575;2.478580236;2.601818688;2.717354736;2.555604268;0.075430432;0.040769617;0.04847202;0.033067214;0.040319385;1.397738685;2.24750814;2.544050664;2.540199462;2.586413881;2.363044188;0.09468644;0.083132835;0.075430432;0.044620819;0.044799317;1.541096499;2.401556204;2.520943454;2.717354736;2.728908341;2.505538647
8.25;0.079281633;0.04847202;0.060025625;0.044620819;0.044799317;1.608295474;2.424663414;2.671140317;2.805932373;2.906063615;2.786676365;0.07157923;0.040769617;0.044620819;0.033067214;0.040319385;1.576935952;2.424663414;2.674991518;2.744313147;2.667289115;2.486282639;0.09468644;0.063876827;0.063876827;0.044620819;0.040319385;1.733733561;2.586413881;2.755866752;2.936873228;2.859849196;2.65573551
8.50;0.079016033;0.04820642;0.059760025;0.044355219;0.040319385;1.765093083;2.601553088;2.859583595;3.005929257;3.082953289;2.959714837;0.075164831;0.040504017;0.044355219;0.036652815;0.040319385;1.733733561;2.609255491;2.828773983;2.932756426;2.805666773;2.709386733;0.094420839;0.075164831;0.075164831;0.044355219;0.044799317;1.899491033;2.747898749;2.909649216;3.075250886;3.071399684;2.840327587
8.75;0.079016033;0.04820642;0.059760025;0.044355219;0.044799317;1.903970965;2.767154757;3.13301891;3.179233329;3.25240616;3.13301891;0.079016033;0.040504017;0.044355219;0.036652815;0.040319385;1.881571306;2.771005958;3.117614103;3.163828523;2.994375652;2.898095612;0.094420839;0.079016033;0.059760025;0.044355219;0.044799317;2.05180871;2.874988402;3.260108563;3.244703756;3.210042942;3.055994878
9.00;0.075430432;0.04847202;0.060025625;0.044620819;0.044799317;2.033888984;2.936873228;3.375910211;3.449083042;3.487595058;3.329695792;0.075430432;0.040769617;0.044620819;0.033067214;0.040319385;2.011489325;2.929170825;3.399017421;3.329695792;3.233415752;3.121730905;0.09468644;0.098537641;0.063876827;0.040769617;0.044799317;2.181726729;3.021599663;3.364356606;3.452934244;3.46833905;3.268076566
9.25;0.079148833;0.04833922;0.059892825;0.040636817;0.044799317;2.145887276;3.08693729;3.610700709;3.610700709;3.66076633;3.537527879;0.075297631;0.040636817;0.044488019;0.032934414;0.040319385;2.136927412;3.044574073;3.560635089;3.552932685;3.418140629;3.341116597;0.098404841;0.086851236;0.059892825;0.044488019;0.040319385;2.311644748;3.160110121;3.653063927;3.70698075;3.610700709;3.456652645
9.50;0.079281633;0.04847202;0.060025625;0.040769617;0.040319385;2.253405636;3.25267176;3.8265008;3.811095993;3.880417622;3.722518356;0.079281633;0.040769617;0.044620819;0.033067214;0.035839453;2.244445773;3.264225365;3.853459211;3.691708743;3.61083351;3.533809477;0.09468644;0.083132835;0.075430432;0.040769617;0.040319385;2.419163108;3.306588582;3.853459211;3.891971227;3.822649598;3.664750332
9.75;0.079148833;0.04833922;0.059892825;0.040636817;0.044799317;2.356444065;3.395033419;4.030481685;4.003523274;4.04203529;3.857177612;0.075297631;0.040636817;0.044488019;0.032934414;0.035839453;2.351964133;3.383479814;4.061291298;3.89954083;3.760897572;3.676171137;0.098404841;0.083000035;0.063744027;0.040636817;0.035839453;2.5311614;3.395033419;4.011225677;3.972713661;3.94575525;3.80326079
10.00;0.079016033;0.04820642;0.059760025;0.040504017;0.040319385;2.441562767;3.56435349;4.222908965;4.215206562;4.222908965;4.061158498;0.075164831;0.040504017;0.044355219;0.032801614;0.040319385;2.446042698;3.525841474;4.238313772;4.04190249;3.961027256;3.880152022;0.094420839;0.075164831;0.067462428;0.040504017;0.040319385;2.611800171;3.614419111;4.195950554;4.203652957;4.118926522;3.999539272
10.25;0.075164831;0.04820642;0.059760025;0.040504017;0.040319385;2.508761742;3.672187135;4.411617844;4.380808231;4.369254627;4.219057764;0.075164831;0.040504017;0.044355219;0.032801614;0.035839453;2.513241674;3.672187135;4.400064239;4.184396949;4.165140941;4.026497683;0.094420839;0.086718436;0.07131363;0.040504017;0.035839453;2.687959009;3.714550353;4.338445014;4.427022651;4.346147417;4.165140941
10.50;0.075563232;0.04860482;0.060158425;0.040902417;0.044799317;2.580440649;3.807377592;4.573766712;4.523701091;4.477486672;4.373504228;0.075563232;0.040902417;0.044753619;0.033200014;0.040319385;2.589400512;3.876699221;4.515998688;4.338843414;4.323438607;4.211753761;0.09481924;0.083265635;0.07171203;0.040902417;0.040319385;2.759637916;3.872848019;4.512147486;4.489040277;4.465933067;4.334992212
10.75;0.075563232;0.04860482;0.060158425;0.040902417;0.040319385;2.638679761;3.988384067;4.700856365;4.654641946;4.619981131;4.539105898;0.07171203;0.040902417;0.044753619;0.033200014;0.035839453;2.652119556;3.992235269;4.673897954;4.489040277;4.47363547;4.381206632;0.09481924;0.079414433;0.079414433;0.040902417;0.040319385;2.813397096;4.023044882;4.627683535;4.554510704;4.566064309;4.500593881
11.00;0.079281633;0.04847202;0.060025625;0.040769617;0.040319385;2.687959009;4.203918557;4.870176436;4.750789186;4.754640388;4.770045194;0.075430432;0.040769617;0.044620819;0.033067214;0.035839453;2.696918873;4.153852937;4.785450001;4.585187517;4.589038718;4.515865888;0.09468644;0.083132835;0.07157923;0.040769617;0.040319385;2.853716481;4.153852937;4.750789186;4.677616355;4.693021162;4.642955541
11.25;0.075297631;0.04833922;0.059892825;0.040636817;0.040319385;2.710358668;4.40019704;4.974026079;4.877746039;4.870043636;5.228205386;0.075297631;0.040636817;0.044488019;0.032934414;0.035839453;2.737238258;4.311619402;4.858490031;4.715995572;4.696739563;4.685185959;0.09455364;0.07144643;0.075297631;0.040636817;0.040319385;2.885076003;4.330875411;4.846936426;4.789168402;4.83153162;4.835382821
11.50;0.075297631;0.04833922;0.059892825;0.040636817;0.040319385;2.732758326;4.558096306;5.104966934;5.027942902;5.0240917;5.763522409;0.075297631;0.040636817;0.044488019;0.032934414;0.035839453;2.759637916;4.523435491;4.935514063;4.850787628;4.823829217;4.866192434;0.09455364;0.075297631;0.075297631;0.040636817;0.035839453;2.907475662;4.407899443;4.958621273;4.908555652;4.931662862;5.35914624
11.75;0.075430432;0.04847202;0.060025625;0.040769617;0.040319385;2.750678053;4.704574767;5.224486984;5.124355742;5.151314154;5.71744079;0.07157923;0.040769617;0.044620819;0.033067214;0.035839453;2.790997438;4.642955541;5.062736516;4.943349267;4.943349267;5.486368694;0.09468644;0.067728028;0.07157923;0.044620819;0.035839453;2.934355252;4.550526702;5.039629307;5.016522097;5.035778105;5.856084048
12.00;0.075563232;0.04860482;0.060158425;0.040902417;0.040319385;2.76859778;4.820243615;5.505757502;5.232322187;5.463394284;5.694466381;0.075563232;0.040902417;0.044753619;0.033200014;0.035839453;2.82235696;4.720112373;5.163000558;5.07057172;5.055166913;5.890877663;0.09481924;0.083265635;0.083265635;0.040902417;0.040319385;2.95675491;4.654641946;5.136042147;5.120637341;5.151446954;5.906282469
12.25;0.075430432;0.04847202;0.060025625;0.040769617;0.040319385;2.782037575;4.939498065;5.871488855;5.528731911;5.898447266;5.563392726;0.075430432;0.040769617;0.044620819;0.033067214;0.035839453;2.844756618;4.85477163;5.270701403;5.193677371;5.174421363;5.875340056;0.09468644;0.067728028;0.07157923;0.044620819;0.035839453;2.965714774;4.785450001;5.224486984;5.205230976;5.262999;5.744399201
12.50;0.075696032;0.04873762;0.060291225;0.041035217;0.040319385;2.790997438;5.055299713;5.887159261;5.921820076;5.902564068;5.444271076;0.075696032;0.041035217;0.044886419;0.033332814;0.035839453;2.858196413;5.009085294;5.482783092;5.274818205;5.394205455;5.783176818;0.09495204;0.067993628;0.067993628;0.04873762;0.035839453;2.9836345;4.916656455;5.321032624;5.278669407;5.532848713;5.517443907
12.75;0.075164831;0.04820642;0.059760025;0.040504017;0.040319385;2.799957301;5.154899755;5.771092013;6.040676125;5.878925658;5.47840069;0.075164831;0.040504017;0.044355219;0.032801614;0.035839453;2.871636208;5.112536537;5.863520851;5.566978327;5.659407166;5.751836005;0.094420839;0.07131363;0.075164831;0.044355219;0.035839453;2.992594364;4.993149287;5.543871118;5.493805497;5.821157634;5.470698287
13.00;0.075563232;0.04860482;0.060158425;0.040902417;0.040319385;2.813397096;5.243875792;5.682912776;6.014116114;5.555823123;5.517311107;0.07171203;0.040902417;0.044753619;0.033200014;0.035839453;2.880596072;5.197661373;5.898580066;5.890877663;5.994860106;5.463394284;0.09481924;0.067860828;0.079414433;0.044753619;0.035839453;3.006034159;5.07057172;5.86006805;5.833109639;6.006413711;5.521162308
13.25;0.075696032;0.04873762;0.060291225;0.037184016;0.040319385;2.835796755;5.328735028;5.640682358;5.748516003;5.374949447;5.567509528;0.075696032;0.041035217;0.044886419;0.033332814;0.035839453;2.90299573;5.290223012;5.960332092;6.033504922;5.975736898;5.521295108;0.09495204;0.07184483;0.067993628;0.044886419;0.035839453;3.028433817;5.159282157;5.910266471;5.9795881;6.010397713;5.532848713
13.50;0.075563232;0.04860482;0.060158425;0.037051215;0.040319385;2.840276686;5.421031066;5.432584671;5.401775058;5.390221453;5.62129355;0.07171203;0.040902417;0.044753619;0.033200014;0.035839453;2.907475662;5.359411841;5.921687276;6.029520921;5.744532002;5.536567115;0.09481924;0.060158425;0.07171203;0.04860482;0.035839453;3.028433817;5.236173389;5.952496888;5.948645687;5.890877663;5.582781534
13.75;0.079547233;0.04873762;0.060291225;0.037184016;0.040319385;2.858196413;5.494336697;5.448122278;5.390354253;5.448122278;5.671491971;0.075696032;0.041035217;0.044886419;0.033332814;0.035839453;2.92987532;5.417312665;5.952629689;5.917968874;5.563658326;5.579063132;0.09495204;0.067993628;0.075696032;0.041035217;0.035839453;3.046353544;5.328735028;5.960332092;5.71770639;5.663789568;5.625277552
14.00;0.075430432;0.04847202;0.060025625;0.036918415;0.040319385;2.867156277;5.574946331;5.470963887;5.432451871;5.509475903;5.698184782;0.075430432;0.040769617;0.044620819;0.033067214;0.035839453;2.947795047;5.486368694;5.863786451;5.532583113;5.467112686;5.613458347;0.09468644;0.067728028;0.067728028;0.040769617;0.035839453;3.068753202;5.413195863;5.975471298;5.494071097;5.590351137;5.655821564
14.25;0.075696032;0.04873762;0.060291225;0.037184016;0.040319385;2.885076003;5.62142635;5.490485495;5.490485495;5.559807124;5.710003987;0.07184483;0.041035217;0.044886419;0.033332814;0.035839453;2.95675491;5.540551116;5.683045576;5.471229487;5.440419874;5.652235963;0.09495204;0.064142427;0.079547233;0.041035217;0.035839453;3.082192997;5.482783092;5.910266471;5.417312665;5.451973479;5.694599181
14.50;0.075563232;0.04860482;0.060158425;0.037051215;0.040319385;2.894035867;5.655954364;5.521162308;5.548120719;5.59818634;5.732978397;0.07171203;0.040902417;0.044753619;0.033200014;0.035839453;2.974674637;5.594335139;5.609739945;5.432584671;5.459543082;5.686763977;0.09481924;0.064009627;0.067860828;0.040902417;0.035839453;3.091152861;5.548120719;5.867770453;5.447989478;5.521162308;5.721424792
14.75;0.075297631;0.04833922;0.059892825;0.036785615;0.040319385;2.889555935;5.705754385;5.551706321;5.594069539;5.647986361;5.751968805;0.075297631;0.040636817;0.044488019;0.032934414;0.035839453;2.974674637;5.667242369;5.517045506;5.486235894;5.52474791;5.725010393;0.09455364;0.059892825;0.07144643;0.040636817;0.035839453;3.104592656;5.613325547;5.663391168;5.482384692;5.570962329;5.748117603
15.00;0.075828832;0.04887042;0.060424025;0.037316816;0.040319385;2.907475662;5.744797602;5.571493529;5.640815158;5.698583182;5.767904811;0.075828832;0.041168017;0.045019219;0.033465614;0.031359522;2.988114432;5.721690392;5.54838632;5.521427908;5.575344731;5.756351206;0.09508484;0.060424025;0.075828832;0.041168017;0.035839453;3.113552519;5.660071166;5.552237521;5.532981513;5.617707948;5.771756013
15.25;0.075164831;0.098272041;0.086718436;0.052057622;0.040319385;2.934355252;5.613192747;5.447591077;5.513061505;5.559275924;5.38212065;0.079016033;0.07131363;0.075164831;0.044355219;0.035839453;3.014994022;5.69406798;5.470698287;5.5015079;5.536168714;5.509210303;0.098272041;0.067462428;0.079016033;0.055908823;0.035839453;3.135952177;5.678663174;5.412930263;5.516912706;5.582383134;5.38212065
15.5;0.075164831;0.04820642;0.055908823;0.036652815;0.040319385;2.92987532;5.898181666;5.647853561;5.744133601;5.774943214;5.713323988;0.079016033;0.040504017;0.044355219;0.028950412;0.035839453;3.023953885;5.890479263;5.582383134;5.632448755;5.678663174;5.71717519;0.098272041;0.090569638;0.082867235;0.040504017;0.035839453;3.144912041;5.85966965;5.543871118;5.62089515;5.697919182;5.736431198
15.75;0.075696032;0.04873762;0.056440024;0.037184016;0.040319385;2.952274979;5.93337368;5.663789568;5.76392081;5.787028019;5.721557592;0.075696032;0.041035217;0.044886419;0.029481612;0.035839453;3.041873612;5.944927285;5.62142635;5.683045576;5.71770639;5.694599181;0.098803241;0.07184483;0.083398435;0.041035217;0.035839453;3.158351836;5.856349648;5.582914334;5.667640769;5.733111197;5.733111197
16.00;0.075696032;0.04873762;0.056440024;0.037184016;0.040319385;2.952274979;5.968034495;5.663789568;5.775474414;5.790879221;5.721557592;0.075696032;0.044886419;0.052588822;0.029481612;0.035839453;3.046353544;5.994992906;5.648384761;5.721557592;5.752367205;5.690747979;0.098803241;0.083398435;0.091100838;0.041035217;0.040319385;3.167311699;5.887159261;5.602170342;5.698450382;5.76392081;5.736962398
16.25;0.075696032;0.04873762;0.056440024;0.037184016;0.040319385;2.970194705;6.045058527;5.686896777;5.798581624;5.802432826;5.710003987;0.075696032;0.041035217;0.044886419;0.029481612;0.035839453;3.068753202;6.033504922;5.659938366;5.744664802;5.771623213;5.690747979;0.098803241;0.064142427;0.083398435;0.041035217;0.040319385;3.185231426;5.960332092;5.617575148;5.725408794;5.779325616;5.733111197
16.50;0.079547233;0.04873762;0.056440024;0.037184016;0.040319385;2.974674637;6.072016938;5.702301584;5.817837632;5.813986431;5.721557592;0.075696032;0.041035217;0.044886419;0.029481612;0.035839453;3.073233134;6.07586814;5.683045576;5.771623213;5.790879221;5.698450382;0.098803241;0.056440024;0.091100838;0.044886419;0.040319385;3.189711358;5.998844108;5.636831156;5.752367205;5.794730422;5.729259995
16.75;0.075828832;0.04887042;0.056572824;0.037316816;0.040319385;2.965714774;6.09910815;5.725541594;5.833375239;5.833375239;5.733243997;0.075828832;0.041168017;0.045019219;0.029614412;0.035839453;3.073233134;6.110661755;5.706285586;5.794863223;5.810268029;5.710136787;0.098936041;0.052721622;0.087382437;0.041168017;0.040319385;3.198671221;6.025935319;5.663922368;5.775607215;5.814119231;5.737095198
17.00;0.075961632;0.04900322;0.056705624;0.037449616;0.040319385;2.974674637;6.122348159;5.733376797;5.83735924;5.833508039;5.725674394;0.075961632;0.041300817;0.045152019;0.029747212;0.035839453;3.082192997;6.157008974;5.714120789;5.806549627;5.818103232;5.714120789;0.099068841;0.060556825;0.083664035;0.037449616;0.040319385;3.207631084;6.110794555;5.679459974;5.791144821;5.818103232;5.733376797
17.25;0.075961632;0.04900322;0.060556825;0.037449616;0.040319385;2.992594364;6.187818587;5.744930402;5.848912845;5.83735924;5.733376797;0.075961632;0.041300817;0.045152019;0.029747212;0.035839453;3.109072587;6.19552099;5.733376797;5.821954434;5.829656837;5.71797199;0.099068841;0.056705624;0.09521764;0.041300817;0.044799317;3.221070879;6.103092151;5.694864781;5.802698426;5.825805635;5.737227998
17.50;0.07211043;0.04900322;0.060556825;0.037449616;0.040319385;2.997074295;6.2186282;5.760335208;5.856615248;5.845061644;5.737227998;0.075961632;0.041300817;0.045152019;0.029747212;0.035839453;3.109072587;6.226330603;5.748781603;5.833508039;5.833508039;5.725674394;0.099068841;0.056705624;0.087515237;0.037449616;0.040319385;3.230030743;6.141604168;5.714120789;5.814252031;5.833508039;5.7410792
17.75;0.07211043;0.04900322;0.056705624;0.037449616;0.040319385;3.01051409;6.245586611;5.779591216;5.868168853;5.852764047;5.748781603;0.075961632;0.045152019;0.045152019;0.029747212;0.035839453;3.122512382;6.272545022;5.756484007;5.833508039;5.841210442;5.733376797;0.099068841;0.056705624;0.075961632;0.041300817;0.044799317;3.243470538;6.183967385;5.725674394;5.821954434;5.83735924;5.744930402
18.00;0.07211043;0.04900322;0.056705624;0.037449616;0.040319385;3.001554227;6.257140216;5.787293619;5.872020055;5.856615248;5.76418641;0.075961632;0.041300817;0.04900322;0.029747212;0.035839453;3.122512382;6.29180103;5.775740015;5.845061644;5.845061644;5.737227998;0.099068841;0.056705624;0.091366438;0.04900322;0.035839453;3.24795047;6.199372192;5.7410792;5.829656837;5.845061644;5.744930402
18.25;0.07184483;0.04873762;0.060291225;0.037184016;0.040319385;3.019473954;6.260725817;5.794730422;5.879456858;5.871754455;5.76392081;0.075696032;0.041035217;0.04873762;0.029481612;0.035839453;3.144912041;6.310791438;5.775474414;5.844796043;5.844796043;5.748516003;0.098803241;0.052588822;0.087249636;0.041035217;0.044799317;3.261390265;6.253023414;5.752367205;5.833242439;5.848647245;5.748516003
18.50;0.075430432;0.04847202;0.060025625;0.036918415;0.040319385;3.032913749;6.260460217;5.798316024;5.883042459;5.871488855;5.76365521;0.075430432;0.040769617;0.044620819;0.029216012;0.035839453;3.158351836;6.337484249;5.775208814;5.844530443;5.840679242;5.752101605;0.098537641;0.052323222;0.079281633;0.044620819;0.040319385;3.27483006;6.295121032;5.755952806;5.832976838;5.840679242;5.752101605
18.75;0.07184483;0.04873762;0.060291225;0.037184016;0.040319385;3.041873612;6.256874616;5.817837632;5.88330806;5.879456858;5.775474414;0.075696032;0.041035217;0.044886419;0.029481612;0.035839453;3.167311699;6.349303454;5.787028019;5.848647245;5.840944842;5.76392081;0.098803241;0.056440024;0.083398435;0.041035217;0.044799317;3.283789923;6.31464264;5.767772011;5.83709364;5.844796043;5.760069608
19.00;0.07197763;0.04887042;0.056572824;0.037316816;0.044799317;3.050833476;6.253156214;5.814119231;5.88344086;5.875738456;5.771756013;0.075828832;0.045019219;0.04887042;0.029614412;0.035839453;3.180751494;6.376394666;5.791012021;5.856482448;5.841077642;5.767904811;0.098936041;0.056572824;0.083531235;0.041168017;0.040319385;3.30170965;6.33788265;5.775607215;5.841077642;5.848780045;5.760202408
19.25;0.07197763;0.04887042;0.060424025;0.037316816;0.040319385;3.050833476;6.241602609;5.825672835;5.887292061;5.875738456;5.775607215;0.075828832;0.04887042;0.056572824;0.029614412;0.035839453;3.180751494;6.384097069;5.794863223;5.852631247;5.841077642;5.767904811;0.098936041;0.056572824;0.079680033;0.041168017;0.044799317;3.30170965;6.376394666;5.783309618;5.841077642;5.852631247;5.76405361
19.50;0.07197763;0.04887042;0.056572824;0.037316816;0.044799317;3.073233134;6.230049004;5.829524037;5.887292061;5.879589658;5.775607215;0.075828832;0.045019219;0.04887042;0.029614412;0.035839453;3.198671221;6.364841061;5.791012021;5.848780045;5.83722644;5.775607215;0.098936041;0.068126428;0.083531235;0.045019219;0.040319385;3.319629376;6.403353077;5.783309618;5.83722644;5.852631247;5.771756013
19.75;0.07184483;0.04873762;0.060291225;0.037184016;0.044799317;3.077713066;6.222213801;5.833242439;5.887159261;5.887159261;5.787028019;0.075696032;0.044886419;0.04873762;0.029481612;0.035839453;3.203151153;6.349303454;5.806284027;5.856349648;5.844796043;5.775474414;0.09495204;0.060291225;0.07184483;0.041035217;0.049279249;3.333069171;6.43402989;5.787028019;5.844796043;5.856349648;5.775474414
20.00;0.07197763;0.04887042;0.056572824;0.037316816;0.044799317;3.082192997;6.199239392;5.841077642;5.898845666;5.891143263;5.783309618;0.075828832;0.04887042;0.052721622;0.029614412;0.035839453;3.212111016;6.326329045;5.810268029;5.856482448;5.848780045;5.783309618;0.098936041;0.060424025;0.079680033;0.045019219;0.040319385;3.333069171;6.438013891;5.794863223;5.848780045;5.86033365;5.783309618
20.25;0.07184483;0.04873762;0.060291225;0.037184016;0.044799317;3.100112724;6.17214818;5.848647245;5.898712866;5.891010463;5.787028019;0.075696032;0.041035217;0.052588822;0.029481612;0.035839453;3.234510674;6.279981825;5.810135229;5.856349648;5.848647245;5.783176818;0.09495204;0.064142427;0.087249636;0.041035217;0.044799317;3.35546883;6.445583495;5.798581624;5.844796043;5.86020085;5.783176818
20.50;0.07197763;0.04887042;0.060424025;0.037316816;0.044799317;3.104592656;6.137620166;5.848780045;5.898845666;5.875738456;5.791012021;0.075828832;0.045019219;0.052721622;0.029614412;0.040319385;3.234510674;6.241602609;5.810268029;5.856482448;5.852631247;5.791012021;0.09508484;0.056572824;0.087382437;0.041168017;0.040319385;3.364428693;6.422609085;5.802565626;5.844928843;5.86033365;5.787160819
20.75;0.07184483;0.04873762;0.060291225;0.037184016;0.044799317;3.113552519;6.083570543;5.844796043;5.894861664;5.867903253;5.783176818;0.075696032;0.044886419;0.052588822;0.029481612;0.035839453;3.256910333;6.191404188;5.817837632;5.856349648;5.848647245;5.790879221;0.09495204;0.060291225;0.079547233;0.044886419;0.044799317;3.38234842;6.391666672;5.802432826;5.848647245;5.856349648;5.787028019
21.00;0.07184483;0.04873762;0.056440024;0.037184016;0.044799317;3.122512382;6.045058527;5.848647245;5.894861664;5.856349648;5.787028019;0.075696032;0.044886419;0.056440024;0.029481612;0.035839453;3.265870196;6.145189769;5.821688834;5.856349648;5.856349648;5.798581624;0.09495204;0.060291225;0.083398435;0.044886419;0.044799317;3.391308283;6.360857059;5.813986431;5.848647245;5.856349648;5.790879221
21.25;0.07171203;0.04860482;0.056307224;0.037051215;0.049279249;3.131472246;5.987157703;5.875472856;5.898580066;5.86006805;5.798448824;0.07171203;0.040902417;0.052456022;0.029348812;0.035839453;3.279309991;6.106544953;5.829258437;5.86006805;5.86006805;5.802300026;0.09481924;0.064009627;0.075563232;0.040902417;0.044799317;3.404748078;6.322212243;5.817704832;5.852365647;5.863919251;5.794597622
21.50;0.07211043;0.04900322;0.056705624;0.037449616;0.049279249;3.131472246;5.976002498;5.864317652;5.895127264;5.887424861;5.794996023;0.075961632;0.045152019;0.04900322;0.029747212;0.040319385;3.27483006;6.09924095;5.841210442;5.864317652;5.868168853;5.814252031;0.09521764;0.060556825;0.091366438;0.045152019;0.040319385;3.404748078;6.276396224;5.821954434;5.852764047;5.864317652;5.814252031
21.75;0.07197763;0.04887042;0.056572824;0.037316816;0.049279249;3.140432109;5.964316093;5.844928843;5.88344086;5.856482448;5.767904811;0.07197763;0.045019219;0.052721622;0.029614412;0.035839453;3.288269855;6.07600094;5.841077642;5.864184852;5.86033365;5.814119231;0.09508484;0.064275227;0.083531235;0.04887042;0.049279249;3.413707942;6.237751408;5.821821634;5.852631247;5.86033365;5.814119231
22.00;0.07184483;0.04873762;0.056440024;0.037184016;0.049279249;3.153871904;5.937224882;5.879456858;5.902564068;5.852498447;5.752367205;0.07184483;0.044886419;0.052588822;0.029481612;0.040319385;3.315149445;6.056612132;5.852498447;5.86020085;5.867903253;5.817837632;0.098803241;0.060291225;0.064142427;0.04873762;0.040319385;3.440587532;6.187552987;5.829391237;5.856349648;5.871754455;5.817837632
22.25;0.07197763;0.04887042;0.056572824;0.037316816;0.049279249;3.158351836;5.948911287;5.879589658;5.906548069;5.844928843;5.729392795;0.075828832;0.045019219;0.04887042;0.029614412;0.035839453;3.324109308;6.025935319;5.848780045;5.864184852;5.86033365;5.817970432;0.09508484;0.068126428;0.087382437;0.045019219;0.044799317;3.449547395;6.129917763;5.825672835;5.848780045;5.864184852;5.814119231
22.50;0.07211043;0.04900322;0.060556825;0.037449616;0.05375918;3.158351836;5.960597692;5.887424861;5.910532071;5.841210442;5.71797199;0.07211043;0.045152019;0.04900322;0.029747212;0.040319385;3.32858924;6.022216918;5.848912845;5.86046645;5.856615248;5.818103232;0.09521764;0.064408027;0.079812833;0.045152019;0.040319385;3.454027327;6.09924095;5.829656837;5.848912845;5.86046645;5.806549627
22.75;0.068392029;0.049136021;0.056838424;0.037582416;0.05375918;3.140432109;5.9799865;5.895260065;5.902962468;5.829789637;5.694997581;0.07224323;0.045284819;0.049136021;0.029880012;0.040319385;3.337549103;6.022349718;5.849045645;5.86059925;5.86059925;5.814384831;0.09535044;0.060689625;0.087648037;0.045284819;0.040319385;3.458507259;6.072415339;5.829789637;5.856748048;5.852896847;5.802831226
23.00;0.068392029;0.049136021;0.056838424;0.037582416;0.05375918;3.041873612;5.987688903;5.906813669;5.895260065;5.829789637;5.691146379;0.07224323;0.049136021;0.052987222;0.029880012;0.040319385;3.350988898;6.033903322;5.86059925;5.864450452;5.872152855;5.822087234;0.09535044;0.087648037;0.091499238;0.045284819;0.044799317;3.476426985;6.064712935;5.841343242;5.86059925;5.86059925;5.798980024
23.25;0.07211043;0.04900322;0.064408027;0.037449616;0.05375918;3.041873612;5.983704901;5.902829668;5.887424861;5.852764047;5.679459974;0.07211043;0.045152019;0.052854422;0.029747212;0.040319385;3.359948762;6.037621724;5.864317652;5.864317652;5.864317652;5.814252031;0.09521764;0.079812833;0.083664035;0.045152019;0.049279249;3.485386849;6.037621724;5.841210442;5.856615248;5.864317652;5.810400829
23.50;0.067993628;0.04873762;0.060291225;0.037184016;0.058239112;3.046353544;6.002695309;5.88330806;5.879456858;5.875605656;5.671491971;0.07184483;0.044886419;0.056440024;0.029481612;0.040319385;3.364428693;6.045058527;5.864052051;5.864052051;5.856349648;5.813986431;0.09495204;0.064142427;0.075696032;0.044886419;0.044799317;3.494346712;6.021951317;5.840944842;5.848647245;5.86020085;5.813986431
23.75;0.067860828;0.04860482;0.056307224;0.037051215;0.058239112;3.059793339;5.9794553;5.879324058;5.875472856;5.867770453;5.652103163;0.07171203;0.044753619;0.052456022;0.029348812;0.044799317;3.30170965;6.056479332;5.863919251;5.863919251;5.863919251;5.825407235;0.09481924;0.083265635;0.083265635;0.040902417;0.044799317;3.507786507;6.010264913;5.840812042;5.848514445;5.863919251;5.817704832
24.00;0.067993628;0.04873762;0.056440024;0.037184016;0.058239112;3.064273271;5.964183293;5.875605656;5.86020085;5.852498447;5.652235963;0.07184483;0.044886419;0.056440024;0.029481612;0.040319385;3.256910333;6.068165737;5.871754455;5.867903253;5.867903253;5.821688834;0.09495204;0.079547233;0.079547233;0.044886419;0.044799317;3.512266439;6.006546511;5.844796043;5.852498447;5.864052051;5.817837632
24.25;0.068126428;0.04887042;0.056572824;0.037316816;0.058239112;3.077713066;5.960464892;5.868036053;5.848780045;5.829524037;5.640815158;0.07197763;0.045019219;0.052721622;0.029614412;0.040319385;3.279309991;6.079852142;5.875738456;5.868036053;5.871887255;5.825672835;0.09508484;0.075828832;0.075828832;0.041168017;0.044799317;3.449547395;5.998976908;5.848780045;5.856482448;5.864184852;5.817970432
24.50;0.067860828;0.04860482;0.056307224;0.037051215;0.062719044;3.073233134;5.967901695;5.856216848;5.833109639;5.829258437;5.628995953;0.07171203;0.044753619;0.060158425;0.033200014;0.044799317;3.288269855;6.091140146;5.875472856;5.863919251;5.871621655;5.821556034;0.09481924;0.079414433;0.079414433;0.044753619;0.044799317;3.395788215;5.994860106;5.848514445;5.856216848;5.863919251;5.817704832
24.75;0.068126428;0.04887042;0.060424025;0.037316816;0.062719044;3.077713066;5.968167295;5.848780045;5.829524037;5.841077642;5.625410352;0.075828832;0.04887042;0.060424025;0.029614412;0.044799317;3.30170965;6.110661755;5.891143263;5.875738456;5.875738456;5.829524037;0.091233638;0.07197763;0.091233638;0.045019219;0.044799317;3.418187873;6.010530513;5.856482448;5.864184852;5.871887255;5.825672835
25.00;0.067993628;0.04873762;0.060291225;0.037184016;0.067198975;3.077713066;5.968034495;5.833242439;5.813986431;5.840944842;5.606021544;0.07184483;0.044886419;0.052588822;0.029481612;0.044799317;3.310669513;6.114380156;5.887159261;5.871754455;5.864052051;5.829391237;0.091100838;0.067993628;0.07184483;0.044886419;0.044799317;3.431627668;6.006546511;5.852498447;5.86020085;5.864052051;5.821688834
25.25;0.067993628;0.04873762;0.060291225;0.037184016;0.067198975;3.077713066;5.952629689;5.817837632;5.802432826;5.829391237;5.590616737;0.07184483;0.044886419;0.056440024;0.029481612;0.044799317;3.324109308;6.122082559;5.891010463;5.871754455;5.875605656;5.821688834;0.091100838;0.083398435;0.079547233;0.044886419;0.044799317;3.449547395;6.006546511;5.856349648;5.864052051;5.867903253;5.829391237
25.50;0.063876827;0.04847202;0.056174423;0.036918415;0.071678907;3.077713066;5.944661685;5.806018427;5.775208814;5.817572032;5.571095129;0.07157923;0.044620819;0.056174423;0.029216012;0.044799317;3.333069171;6.129519362;5.894596064;5.879191258;5.871488855;5.821423234;0.090835238;0.063876827;0.075430432;0.044620819;0.044799317;3.458507259;6.017834516;5.85993525;5.871488855;5.871488855;5.832976838
25.75;0.064009627;0.04860482;0.056307224;0.037051215;0.071678907;3.077713066;5.93324088;5.783044018;5.759936808;5.794597622;5.559674324;0.07171203;0.044753619;0.052456022;0.029348812;0.044799317;3.350988898;6.129652163;5.894728864;5.879324058;5.871621655;5.817704832;0.090968038;0.07171203;0.07171203;0.044753619;0.049279249;3.471947054;6.029520921;5.863919251;5.86006805;5.867770453;5.829258437
26.00;0.064275227;0.04887042;0.056572824;0.037316816;0.076158839;3.077713066;5.887292061;5.775607215;5.737095198;5.783309618;5.52527911;0.07197763;0.045019219;0.04887042;0.029614412;0.044799317;3.35546883;6.126066561;5.898845666;5.879589658;5.871887255;5.817970432;0.091233638;0.07197763;0.075828832;0.045019219;0.044799317;3.480906917;6.045191327;5.864184852;5.856482448;5.868036053;5.829524037
26.25;0.064142427;0.04873762;0.056440024;0.037184016;0.076158839;3.082192997;5.848647245;5.756218406;5.729259995;5.779325616;5.47893189;0.07184483;0.041035217;0.04873762;0.029481612;0.044799317;3.359948762;6.129784963;5.906415269;5.879456858;5.875605656;5.817837632;0.091100838;0.07184483;0.087249636;0.041035217;0.049279249;3.494346712;6.056612132;5.867903253;5.86020085;5.871754455;5.825540035
26.50;0.064275227;0.04887042;0.056572824;0.037316816;0.08063877;3.086672929;5.791012021;5.752500005;5.729392795;5.783309618;5.390487054;0.07197763;0.045019219;0.056572824;0.029614412;0.044799317;3.377868488;6.133768964;5.918101674;5.898845666;5.879589658;5.825672835;0.091233638;0.060424025;0.075828832;0.045019219;0.049279249;3.512266439;6.072149738;5.875738456;5.864184852;5.875738456;5.829524037
26.75;0.067993628;0.04873762;0.056440024;0.037184016;0.085118702;3.077713066;5.76392081;5.713855189;5.713855189;5.752367205;5.355693439;0.07184483;0.044886419;0.052588822;0.029481612;0.044799317;3.373388557;6.122082559;5.917968874;5.898712866;5.879456858;5.821688834;0.091100838;0.067993628;0.083398435;0.041035217;0.049279249;3.512266439;6.07586814;5.875605656;5.86020085;5.875605656;5.833242439
27.00;0.063876827;0.04847202;0.056174423;0.036918415;0.089598634;3.086672929;5.744399201;5.675077572;5.713589589;5.732845597;5.289957411;0.07157923;0.044620819;0.052323222;0.029216012;0.049279249;3.395788215;6.121816959;5.917703274;5.906149669;5.883042459;5.81372083;0.090835238;0.079281633;0.079281633;0.040769617;0.049279249;3.525706234;6.083304943;5.879191258;5.85993525;5.875340056;5.832976838
27.25;0.064142427;0.04873762;0.056440024;0.037184016;0.089598634;3.086672929;5.686896777;5.648384761;5.706152785;5.71770639;5.197794173;0.07184483;0.044886419;0.056440024;0.029481612;0.049279249;3.404748078;6.122082559;5.921820076;5.906415269;5.887159261;5.813986431;0.091100838;0.075696032;0.07184483;0.041035217;0.049279249;3.539146029;6.091272946;5.879456858;5.86020085;5.879456858;5.825540035
27.50;0.064142427;0.04873762;0.056440024;0.037184016;0.098558497;3.091152861;5.710003987;5.625277552;5.702301584;5.710003987;5.101514133;0.07184483;0.044886419;0.052588822;0.029481612;0.05375918;3.422667805;6.129784963;5.921820076;5.906415269;5.887159261;5.806284027;0.091100838;0.07184483;0.075696032;0.041035217;0.049279249;3.552585824;6.09897535;5.879456858;5.856349648;5.879456858;5.825540035
27.75;0.064275227;0.04887042;0.056572824;0.037316816;0.098558497;3.086672929;5.706285586;5.606154344;5.683178376;5.706285586;5.005366893;0.07197763;0.045019219;0.052721622;0.029614412;0.049279249;3.427147737;6.126066561;5.925804077;5.894994464;5.887292061;5.798714424;0.091233638;0.064275227;0.079680033;0.045019219;0.049279249;3.561545687;6.102959351;5.879589658;5.86033365;5.879589658;5.817970432
28.00;0.064142427;0.04873762;0.056440024;0.037184016;0.10751836;3.086672929;5.663789568;5.590616737;5.671491971;5.686896777;4.920507657;0.07184483;0.044886419;0.052588822;0.029481612;0.049279249;3.440587532;6.122082559;5.925671277;5.887159261;5.891010463;5.798581624;0.091100838;0.067993628;0.079547233;0.041035217;0.049279249;3.574985482;6.102826551;5.879456858;5.856349648;5.875605656;5.817837632
28.25;0.064009627;0.04860482;0.056307224;0.037051215;0.111998292;3.086672929;5.671359171;5.582781534;5.64440076;5.663656768;4.816392413;0.07171203;0.04860482;0.052456022;0.029348812;0.049279249;3.454027327;6.114247356;5.929389679;5.883175259;5.890877663;5.783044018;0.090968038;0.07171203;0.07171203;0.040902417;0.049279249;3.588425277;6.102693751;5.879324058;5.852365647;5.887026461;5.817704832
28.50;0.063611227;0.04820642;0.055908823;0.036652815;0.116478224;3.082192997;5.690216779;5.559275924;5.601639142;5.632448755;4.738969981;0.07131363;0.044355219;0.04820642;0.028950412;0.05375918;3.46298719;6.106146553;5.928991279;5.875074456;5.886628061;5.767240811;0.090569638;0.07131363;0.082867235;0.040504017;0.049279249;3.601865072;6.102295351;5.875074456;5.848116045;5.875074456;5.801901625
28.75;0.063876827;0.04847202;0.056174423;0.036918415;0.120958155;3.082192997;5.659672766;5.532583113;5.574946331;5.628863153;4.719979573;0.067728028;0.044620819;0.04847202;0.029216012;0.05375918;3.480906917;6.110263354;5.93310808;5.875340056;5.886893661;5.767506411;0.090835238;0.07157923;0.083132835;0.040769617;0.058239112;3.615304867;6.106412153;5.879191258;5.852232847;5.875340056;5.794464822
29.00;0.063876827;0.04847202;0.060025625;0.036918415;0.129918019;3.086672929;5.636565556;5.5017735;5.563392726;5.609607145;4.708425968;0.07157923;0.044620819;0.052323222;0.029216012;0.05375918;3.498826644;6.110263354;5.936959282;5.879191258;5.894596064;5.755952806;0.090835238;0.079281633;0.079281633;0.040769617;0.05375918;3.633224594;6.106412153;5.886893661;5.856084048;5.883042459;5.786762419
29.25;0.060025625;0.04847202;0.056174423;0.036918415;0.13439795;3.086672929;5.563392726;5.482517492;5.52488071;5.578797532;4.700723565;0.067728028;0.044620819;0.052323222;0.029216012;0.05375918;3.512266439;6.110263354;5.944661685;5.883042459;5.890744863;5.752101605;0.090835238;0.063876827;0.079281633;0.040769617;0.05375918;3.646664389;6.106412153;5.886893661;5.856084048;5.883042459;5.775208814
29.50;0.060025625;0.04847202;0.056174423;0.036918415;0.147837746;3.086672929;5.547987919;5.432451871;5.463261484;5.521029508;4.685318759;0.07157923;0.044620819;0.060025625;0.029216012;0.058239112;3.530186165;6.110263354;5.93310808;5.863786451;5.879191258;5.725143193;0.086984036;0.075430432;0.07157923;0.040769617;0.05375918;3.660104184;6.110263354;5.883042459;5.848381645;5.871488855;5.755952806
29.75;0.060158425;0.04860482;0.056307224;0.037051215;0.156797609;3.086672929;5.517311107;5.374816647;5.455691881;5.486501494;4.662344349;0.067860828;0.044753619;0.052456022;0.033200014;0.058239112;3.539146029;6.110396154;5.940943284;5.879324058;5.883175259;5.713722389;0.087116836;0.079414433;0.075563232;0.044753619;0.05375918;3.673543979;6.106544953;5.887026461;5.848514445;5.879324058;5.76378801
30.00;0.060025625;0.04847202;0.060025625;0.036918415;0.165757472;3.077713066;5.494071097;5.228338186;5.444005476;5.444005476;4.646806743;0.067728028;0.044620819;0.04847202;0.029216012;0.062719044;3.543625961;6.102560951;5.940810484;5.879191258;5.883042459;5.694333581;0.086984036;0.067728028;0.086984036;0.040769617;0.05375918;3.682503843;6.09870975;5.886893661;5.840679242;5.875340056;5.76365521
30.25;0.060424025;0.04887042;0.056572824;0.037316816;0.174717336;3.077713066;5.459808682;5.16711736;5.421296666;5.409743062;4.635651538;0.068126428;0.041168017;0.04887042;0.029614412;0.062719044;3.557065756;6.102959351;5.941208884;5.875738456;5.891143263;5.683178376;0.087382437;0.07197763;0.083531235;0.041168017;0.05375918;3.695943638;6.106810553;5.88344086;5.841077642;5.871887255;5.76405361
30.50;0.060158425;0.04860482;0.056307224;0.037051215;0.188157131;3.073233134;5.432584671;5.147595752;5.40562626;5.394072655;4.627683535;0.07171203;0.044753619;0.04860482;0.029348812;0.067198975;3.574985482;6.106544953;5.944794485;5.875472856;5.887026461;5.682912776;0.087116836;0.067860828;0.075563232;0.040902417;0.058239112;3.709383433;6.114247356;5.887026461;5.83696084;5.875472856;5.759936808
30.75;0.060291225;0.04873762;0.056440024;0.033332814;0.197116994;3.077713066;5.374949447;5.105365334;5.394205455;5.371098245;4.612411528;0.067993628;0.044886419;0.04873762;0.029481612;0.067198975;3.583945346;6.110528955;5.948778487;5.879456858;5.894861664;5.671491971;0.087249636;0.067993628;0.087249636;0.044886419;0.058239112;3.722823228;6.110528955;5.891010463;5.83709364;5.879456858;5.756218406
31.00;0.064009627;0.04860482;0.060158425;0.033200014;0.210556789;3.073233134;5.328602228;5.082125325;5.359411841;5.351709437;4.59302272;0.067860828;0.040902417;0.052456022;0.029348812;0.067198975;3.583945346;6.114247356;5.944794485;5.867770453;5.887026461;5.663656768;0.087116836;0.07171203;0.075563232;0.040902417;0.062719044;3.72730316;6.114247356;5.883175259;5.829258437;5.871621655;5.736829598
31.25;0.060158425;0.04860482;0.056307224;0.037051215;0.228476516;3.073233134;5.220768583;5.001250091;5.328602228;5.336304631;4.59302272;0.067860828;0.040902417;0.052456022;0.029348812;0.071678907;3.597385141;6.121949759;5.952496888;5.867770453;5.890877663;5.652103163;0.087116836;0.083265635;0.075563232;0.040902417;0.062719044;3.749702818;6.121949759;5.890877663;5.833109639;5.875472856;5.71757359
31.50;0.060291225;0.04873762;0.060291225;0.033332814;0.241916311;3.073233134;5.089960528;4.901251649;5.305627818;5.297925415;4.570048311;0.067993628;0.041035217;0.052588822;0.029481612;0.071678907;3.601865072;6.125933761;5.941076084;5.867903253;5.88330806;5.629128753;0.087249636;0.067993628;0.083398435;0.041035217;0.067198975;3.763142613;6.122082559;5.887159261;5.829391237;5.871754455;5.694599181
31.75;0.060291225;0.04873762;0.056440024;0.033332814;0.259836038;3.068753202;4.943614867;4.862739633;5.270967004;5.28637181;4.566197109;0.067993628;0.041035217;0.04873762;0.029481612;0.076158839;3.610824936;6.129784963;5.941076084;5.864052051;5.879456858;5.617575148;0.087249636;0.07184483;0.07184483;0.041035217;0.067198975;3.767622545;6.133636164;5.891010463;5.833242439;5.875605656;5.694599181
32.00;0.060291225;0.04873762;0.056440024;0.037184016;0.277755764;3.064273271;4.758757189;4.85503723;5.259413399;5.251710995;4.554643504;0.067993628;0.041035217;0.056440024;0.029481612;0.076158839;3.610824936;6.122082559;5.944927285;5.875605656;5.88330806;5.613723947;0.087249636;0.067993628;0.079547233;0.041035217;0.067198975;3.776582408;6.137487366;5.891010463;5.833242439;5.879456858;5.698450382
32.25;0.064142427;0.04873762;0.056440024;0.033332814;0.300155423;3.064273271;4.458363464;4.793418004;5.217050181;5.228603786;4.527685093;0.067993628;0.041035217;0.04873762;0.029481612;0.08063877;3.624264731;6.122082559;5.944927285;5.867903253;5.879456858;5.606021544;0.087249636;0.07184483;0.083398435;0.041035217;0.067198975;3.785542271;6.137487366;5.891010463;5.829391237;5.875605656;5.679194374
32.50;0.064275227;0.04887042;0.064275227;0.037316816;0.322555081;3.055313407;4.127292925;4.778145998;5.182522167;5.201778175;4.52011549;0.068126428;0.045019219;0.052721622;0.029614412;0.08063877;3.619784799;6.133768964;5.95661369;5.871887255;5.891143263;5.602303142;0.087382437;0.07197763;0.087382437;0.045019219;0.067198975;3.794502135;6.145322569;5.898845666;5.833375239;5.88344086;5.671624771
32.75;0.067860828;0.04860482;0.056307224;0.033200014;0.34495474;3.050833476;3.930616043;4.766326793;5.16685176;5.16685176;4.508296285;0.067860828;0.044753619;0.052456022;0.029348812;0.085118702;3.628744662;6.137354566;5.964050493;5.879324058;5.906282469;5.590483937;0.087116836;0.067860828;0.079414433;0.040902417;0.071678907;3.803461998;6.160461775;5.906282469;5.833109639;5.890877663;5.667507969
33.00;0.063876827;0.04847202;0.056174423;0.036918415;0.37183433;3.050833476;3.907376033;4.754640388;5.132058145;5.120504541;4.492758678;0.067728028;0.040769617;0.052323222;0.029216012;0.089598634;3.642184458;6.121816959;5.960066492;5.85993525;5.898447266;5.574946331;0.086984036;0.079281633;0.086984036;0.040769617;0.071678907;3.812421861;6.144924169;5.894596064;5.832976838;5.875340056;5.648119161
33.25;0.056705624;0.04900322;0.056705624;0.033598414;0.39871392;3.046353544;3.904056032;4.720510773;5.063267717;5.067118918;4.481736274;0.064408027;0.041300817;0.04900322;0.029747212;0.094078565;3.642184458;6.133901764;5.960597692;5.868168853;5.898978466;5.560072724;0.083664035;0.075961632;0.083664035;0.045152019;0.076158839;3.83482152;6.153157772;5.891276063;5.83735924;5.872020055;5.640947958
33.50;0.060424025;0.04887042;0.060424025;0.037316816;0.42559351;3.03739368;3.876964821;4.681865957;5.020771699;5.024622901;4.462347465;0.068126428;0.041168017;0.052721622;0.029614412;0.094078565;3.642184458;6.145322569;5.964316093;5.868036053;5.902696868;5.54838632;0.083531235;0.075828832;0.083531235;0.041168017;0.076158839;3.83482152;6.17228098;5.894994464;5.841077642;5.871887255;5.633112755
33.75;0.056572824;0.04887042;0.056572824;0.033465614;0.456953032;3.03739368;3.880816022;4.612544328;4.982259683;4.978408481;4.443091457;0.064275227;0.045019219;0.04887042;0.029614412;0.098558497;3.651144321;6.149173771;5.960464892;5.86033365;5.902696868;5.521427908;0.083531235;0.075828832;0.083531235;0.041168017;0.08063877;3.848261315;6.176132182;5.891143263;5.83722644;5.864184852;5.610005545
34.00;0.056440024;0.04873762;0.060291225;0.033332814;0.488312553;3.032913749;3.869129617;4.539238698;4.947466068;4.935912463;4.431405053;0.064142427;0.041035217;0.04873762;0.029481612;0.103038429;3.655624253;6.164445777;5.95648089;5.864052051;5.902564068;5.47893189;0.083398435;0.067993628;0.083398435;0.041035217;0.08063877;3.857221178;6.187552987;5.891010463;5.840944842;5.864052051;5.586765536
34.25;0.064275227;0.04887042;0.060424025;0.037316816;0.519672075;3.032913749;3.85000641;4.485454675;4.909086852;4.920640457;4.427686651;0.064275227;0.041168017;0.056572824;0.029614412;0.10751836;3.669064048;6.17228098;5.948911287;5.868036053;5.902696868;5.440552674;0.083531235;0.064275227;0.083531235;0.041168017;0.085118702;3.857221178;6.19538819;5.891143263;5.83722644;5.86033365;5.544535118
34.50;0.064275227;0.04887042;0.056572824;0.033465614;0.55999146;3.028433817;3.830750401;4.493157078;4.851318828;4.859021231;4.40072824;0.064275227;0.041168017;0.052721622;0.029614412;0.111998292;3.669064048;6.164578577;5.941208884;5.871887255;5.910399271;5.38278465;0.083531235;0.068126428;0.087382437;0.041168017;0.089598634;3.870660973;6.199239392;5.887292061;5.825672835;5.856482448;5.517576707
34.75;0.083531235;0.04887042;0.060424025;0.033465614;0.600310845;3.028433817;3.80379199;4.485454675;4.828211618;4.751187586;4.393025837;0.064275227;0.041168017;0.052721622;0.029614412;0.120958155;3.673543979;6.168429779;5.937357682;5.871887255;5.891143263;5.317314223;0.083531235;0.07197763;0.079680033;0.041168017;0.089598634;3.875140905;6.206941795;5.887292061;5.825672835;5.86033365;5.509874303
35.00;0.056440024;0.04873762;0.056440024;0.033332814;0.640630231;3.023953885;3.795956787;4.431405053;4.789566802;4.674030754;4.365934625;0.064142427;0.041035217;0.04873762;0.029481612;0.125438087;3.682503843;6.156743374;5.93337368;5.871754455;5.844796043;5.278669407;0.083398435;0.067993628;0.079547233;0.041035217;0.094078565;3.8885807;6.202957793;5.891010463;5.810135229;5.852498447;5.498187899
35.25;0.052456022;0.04860482;0.056307224;0.033200014;0.680949616;3.023953885;3.784270382;4.40046264;4.747070785;4.539105898;4.358099422;0.064009627;0.040902417;0.052456022;0.029348812;0.129918019;3.686983774;6.183568985;5.937092082;5.879324058;5.825407235;5.216917381;0.083265635;0.067860828;0.079414433;0.040902417;0.098558497;3.893060632;6.222081001;5.898580066;5.81385363;5.867770453;5.451840679
35.50;0.064275227;0.04887042;0.056572824;0.033465614;0.725748932;3.014994022;3.769131176;4.37762103;4.701121965;4.535520296;4.346811417;0.064275227;0.041168017;0.04887042;0.029614412;0.138877882;3.691463706;6.183834585;5.937357682;5.898845666;5.825672835;5.159414957;0.083531235;0.064275227;0.07197763;0.041168017;0.103038429;3.902020495;6.222346601;5.906548069;5.821821634;5.871887255;5.409743062
35.75;0.102787243;0.04887042;0.060424025;0.033465614;0.770548249;3.014994022;3.753726369;4.358365022;4.651056344;4.477752272;4.323704208;0.064275227;0.041168017;0.052721622;0.029614412;0.143357814;3.700423569;6.19538819;5.941208884;5.910399271;5.821821634;5.090093328;0.083531235;0.064275227;0.075828832;0.041168017;0.10751836;3.91546029;6.237751408;5.910399271;5.821821634;5.879589658;5.367379844
36.00;0.060424025;0.04887042;0.060424025;0.033465614;0.815347566;3.01051409;3.722916756;4.342960216;4.543222699;4.454645062;4.308299401;0.064275227;0.041168017;0.052721622;0.029614412;0.147837746;3.700423569;6.168429779;5.933506481;5.929655279;5.817970432;5.005366893;0.083531235;0.064275227;0.075828832;0.041168017;0.10751836;3.91546029;6.237751408;5.902696868;5.817970432;5.875738456;5.359677441
36.25;0.060291225;0.04873762;0.060291225;0.033332814;0.864626815;3.006034159;3.699676747;4.323571407;4.454512262;4.442958657;4.296612996;0.064142427;0.041035217;0.052588822;0.029481612;0.156797609;3.704903501;6.145189769;5.921820076;5.937224882;5.810135229;4.916656455;0.083398435;0.060291225;0.075696032;0.041035217;0.111998292;3.924420154;6.229916204;5.887159261;5.817837632;5.867903253;5.301776616
36.50;0.064142427;0.04873762;0.060291225;0.033332814;0.913906063;3.001554227;3.695825545;4.312017803;4.435256254;4.435256254;4.269654585;0.064142427;0.041035217;0.052588822;0.029481612;0.165757472;3.704903501;6.129784963;5.917968874;5.944927285;5.802432826;4.889698044;0.083398435;0.07184483;0.075696032;0.044886419;0.116478224;3.924420154;6.237618608;5.88330806;5.813986431;5.86020085;5.197794173
36.75;0.056838424;0.049136021;0.064540827;0.033731214;0.95870538;2.992594364;3.676967937;4.300862598;4.408696243;4.420249848;4.273904187;0.064540827;0.041433617;0.049136021;0.029880012;0.174717336;3.700423569;6.126332161;5.922218476;5.953028089;5.798980024;4.83232842;0.079945633;0.064540827;0.079945633;0.041433617;0.125438087;3.919940222;6.257273016;5.891408863;5.833640839;5.872152855;5.136573347
37.00;0.053252822;0.049401621;0.060955225;0.033996814;1.007984628;2.992594364;3.661828731;4.289574593;4.393557037;4.408961843;4.25876498;0.064806427;0.041699217;0.049401621;0.030145613;0.183677199;3.713863364;6.115044156;5.910930471;5.949442487;5.795394423;4.73631398;0.080211234;0.060955225;0.07250883;0.041699217;0.125438087;3.937859949;6.261389818;5.887823261;5.826204036;5.864716052;5.090624528
37.25;0.056838424;0.049136021;0.060689625;0.033731214;1.052783945;2.988114432;3.642307123;4.277755388;4.374035429;4.385589033;4.227689767;0.064540827;0.041433617;0.049136021;0.029880012;0.192637062;3.718343296;6.107076153;5.902962468;5.945325685;5.795128823;4.582000316;0.079945633;0.064540827;0.083796835;0.041433617;0.13439795;3.946819812;6.257273016;5.88370646;5.825938436;5.852896847;5.028739702
37.50;0.056705624;0.04900322;0.060556825;0.033598414;1.097583262;2.9836345;3.622918315;4.266068983;4.362349024;4.373902629;4.216003363;0.060556825;0.041300817;0.04900322;0.029747212;0.206076857;3.718343296;6.091538547;5.891276063;5.925936877;5.775740015;4.574165112;0.079812833;0.064408027;0.07211043;0.041300817;0.138877882;3.946819812;6.264842619;5.875871256;5.825805635;5.841210442;4.959285273
37.75;0.04900322;0.04900322;0.060556825;0.033598414;1.142382579;2.974674637;3.603662307;4.235259371;4.346944217;4.366200225;4.204449758;0.064408027;0.041300817;0.052854422;0.029747212;0.219516652;3.713863364;6.087687345;5.902829668;5.929788079;5.771888813;4.562611507;0.079812833;0.064408027;0.075961632;0.045152019;0.147837746;3.946819812;6.272545022;5.879722458;5.83735924;5.848912845;4.905368451
38.00;0.060025625;0.04847202;0.060025625;0.033067214;1.182701964;2.965714774;3.591577501;4.215472162;4.342561815;4.338710614;4.169257743;0.060025625;0.040769617;0.04847202;0.029216012;0.232956447;3.709383433;6.071751338;5.894596064;5.921554476;5.752101605;4.546675501;0.079281633;0.063876827;0.079281633;0.040769617;0.152317677;3.94233988;6.275865024;5.871488855;5.83682804;5.848381645;4.847069226